name,gender
Gregory,M
Tyson,M
Arrianna,F
Hilda,F
Sharonda,F
Alex,M
Clarissa,F
Stella,F
Sally,F
Maxie,F
Emilee,F
Johnie,M
Doris,F
Kaylynn,F
Josiah,M
Hiram,M
Brennan,M
Lelia,F
Levi,M
Evie,F
Lesley,F
Philip,M
Joaquin,M
Johnny,M
Guy,M
Yesenia,F
Damian,M
Peter,M
Kathie,F
Tiara,F
Dameon,M
Kieran,M
Clara,F
Betty,F
Samantha,F
Kristin,F
Gabrielle,F
Mary,F
Regan,F
Gaylene,F
Lora,F
Aja,F
Patty,F
Verbon,M
Aniyah,F
Kristiana,F
Emmett,M
Shelly,F
Hollie,F
Jonas,M
Jeanne,F
Owen,M
Irene,F
Alvin,M
Deborah,F
Selena,F
Shane,M
Sherri,F
Donald,M
Brenda,F
Broderick,M
Ronnie,M
Dewey,M
Lynnette,F
Jaycee,F
Carsen,M
Olive,F
Camille,F
Stella,F
Ginger,F
Faith,F
Shiran,F
Terence,M
Edwin,M
Lonnie,M
Arleen,F
Adelaide,F
Ishan,M
Lester,M
Luther,M
Alfredo,M
Edin,M
Mitzi,F
Marian,F
Magen,F
Hadleigh,F
Angel,F
Magdalena,F
Mindi,F
Marilyn,F
Morris,M
Shani,F
Ty,M
Garrett,M
Danisha,F
Andreina,F
Leonard,M
Cristy,F
Marianna,F
Keara,F